ID,Description,GeneRatio,BgRatio,RichFactor,FoldEnrichment,zScore,pvalue,p.adjust,qvalue,geneID,Count
GO:0006790,sulfur compound metabolic process,34/515,299/13235,0.11371237458193979,2.9222976263921807,6.764907216063083,1.928078502263941e-8,6.26519505589824e-5,5.809025171200263e-5,Acly/Acp3/Acacb/Pdk1/Cps1/Gpam/Gstm6/Acaca/Pcmt1/Elovl6/Fasn/Acss2/Hs6st1/Dgat2/Ggt6/Gstm7/Gpat4/Sult2a7/Amd1/Pdhb/Cbs/Acsl4/Tpst1/Gnmt/Chsy3/Acot11/Hmgcr/Gstp3/Sult1d1/Gstp1/Txnrd3/Nox4/Pmvk/G6pdx,34
GO:0046394,carboxylic acid biosynthetic process,32/515,279/13235,0.11469534050179211,2.9475588961965413,6.615502776463014,4.150632147605958e-8,6.26519505589824e-5,5.809025171200263e-5,Pklr/Acly/Fabp5/Acacb/Srebf1/Mid1ip1/Acmsd/Gls2/Ass1/Got1/Gstm6/Acaca/Elovl6/Fasn/Acss2/Sds/Insig1/Gstm7/Pah/Haao/Cyp39a1/Cbs/Sdsl/Mif/Ces1c/Ugp2/Asl/Gstp3/Gstp1/Stard4/Cad/Apoc3,32
GO:0016053,organic acid biosynthetic process,32/515,283/13235,0.11307420494699646,2.905897286356307,6.521235973487593,5.815319044221192e-8,6.26519505589824e-5,5.809025171200263e-5,Pklr/Acly/Fabp5/Acacb/Srebf1/Mid1ip1/Acmsd/Gls2/Ass1/Got1/Gstm6/Acaca/Elovl6/Fasn/Acss2/Sds/Insig1/Gstm7/Pah/Haao/Cyp39a1/Cbs/Sdsl/Mif/Ces1c/Ugp2/Asl/Gstp3/Gstp1/Stard4/Cad/Apoc3,32
GO:0005996,monosaccharide metabolic process,30/515,257/13235,0.11673151750972763,2.999886668429602,6.514388964786832,7.470606835415226e-8,6.26519505589824e-5,5.809025171200263e-5,Gpi1/Fabp5/Tkfc/Tff3/Acacb/Aldob/Pdk1/Rpia/Ppp1r3b/Khk/Gck/Lepr/Fbp1/Got1/Sds/Dgat2/Foxk2/Glb1/Pdhb/Slc37a4/Gnmt/Fuom/Serpina12/Pik3r1/Pgd/Pgp/Pfkm/G6pdx/Nnmt/Mup3,30
GO:0005975,carbohydrate metabolic process,44/515,475/13235,0.09263157894736843,2.3805416453755752,6.165617856025909,8.028184336107433e-8,6.26519505589824e-5,5.809025171200263e-5,Gpi1/Pklr/Gm2a/Fabp5/Tkfc/Pygl/Tff3/Acacb/Aldob/Pdk1/Rpia/Ppp1r3b/Khk/Gck/Lepr/Fbp1/Got1/Sds/Klb/Dgat2/Foxk2/Slc3a1/Glb1/Pdhb/Mgat2/Slc37a4/Ugp2/Mogs/Gnmt/Fuom/P2ry1/Pfkfb3/Hsd11b1/Serpina12/Pik3r1/Pgd/Pgp/Myorg/Pfkm/Gys2/G6pdx/Nnmt/Mup3/Ddit4,44
GO:0019318,hexose metabolic process,28/515,237/13235,0.11814345991561181,3.0361722174429557,6.364379059511004,1.5863555675643038e-7,9.176309633411923e-5,8.508181016492696e-5,Gpi1/Fabp5/Tkfc/Tff3/Acacb/Aldob/Pdk1/Ppp1r3b/Khk/Gck/Lepr/Fbp1/Got1/Sds/Dgat2/Foxk2/Glb1/Pdhb/Slc37a4/Gnmt/Fuom/Serpina12/Pik3r1/Pgp/Pfkm/G6pdx/Nnmt/Mup3,28
GO:0008202,steroid metabolic process,31/515,281/13235,0.1103202846975089,2.835124209653457,6.256368233512928,1.6461857363886072e-7,9.176309633411923e-5,8.508181016492696e-5,Cyb5r3/Srebf1/Lepr/Lbr/Atp8b1/Atp1a1/Insig1/Ttc39b/Dgat2/Sult2a7/Cyp39a1/Inhba/Ces1c/Slc37a4/Srd5a1/Hsd11b1/Serpina12/3110082I17Rik/Cyp2r1/Hmgcr/Lrp2/Ugt2b1/Ugt2b38/Cyp17a1/Hsd3b2/Stard4/Pmvk/G6pdx/Pcsk9/Apoc3/Cyp46a1,31
GO:0006805,xenobiotic metabolic process,17/515,103/13235,0.1650485436893204,4.241587331510981,6.645329592044931,4.269904298807558e-7,2.0309711534751193e-4,1.8830958090301832e-4,Cyp2c29/Gstm6/Cyp2c67/Cyp2c70/Gstm7/Sult2a7/Cyp2c40/Cyp2r1/Ugt2b1/Gstp3/Ugt2b38/Gstp1/Cyp2u1/Cyp2j9/Cad/Cyp2c68/Cyp46a1,17
GO:0062012,regulation of small molecule metabolic process,34/515,341/13235,0.09970674486803519,2.5623665404435836,5.881280731905564,4.6844542238021716e-7,2.0309711534751193e-4,1.8830958090301832e-4,Fabp5/Tff3/Acacb/Aldob/Me1/Srebf1/Mid1ip1/Pdk1/Acmsd/Ppp1r3b/Gck/Lepr/Fbp1/Insig1/Ttc39b/Dgat2/Foxk2/Bend3/Acsl4/Ces1c/Gnmt/P2ry1/Hsd11b1/Serpina12/3110082I17Rik/Ppard/Pgp/Ncor2/Stard4/Nnmt/Mup3/Rd3/Apoc3/Ddit4,34
GO:0043603,amide metabolic process,37/515,391/13235,0.09462915601023018,2.4318774364959155,5.782953494567766,5.337239628152676e-7,2.082590902905174e-4,1.9309571159958685e-4,Gm2a/Acly/Nat8f7/Casp3/Acacb/Aldob/Pdk1/Uox/Ass1/Rps23rg1/Cps1/Gpam/Gstm6/Acaca/Elovl6/Fasn/Acss2/Ero1b/Dgat2/Ggt6/Gstm7/Urad/Gpat4/Pdhb/Acsl4/Acot11/Hsd11b1/Asl/Galc/Hmgcr/Gstp3/Gstp1/Txnrd3/Pmvk/G6pdx/Nat8f1/Nnmt,37
GO:1902652,secondary alcohol metabolic process,20/515,145/13235,0.13793103448275862,3.544693672581185,6.1994806925633,8.34746731434513e-7,2.9610743145977e-4,2.745478005684614e-4,Cyb5r3/Srebf1/Lepr/Lbr/Insig1/Ttc39b/Dgat2/Sult2a7/Cyp39a1/Ces1c/Serpina12/3110082I17Rik/Cyp2r1/Hmgcr/Stard4/Pmvk/G6pdx/Pcsk9/Apoc3/Cyp46a1,20
GO:0008203,cholesterol metabolic process,19/515,135/13235,0.14074074074074075,3.6169003955411725,6.149276951650147,1.1484999686374763e-6,3.71191938834566e-4,3.4416539258528786e-4,Cyb5r3/Srebf1/Lepr/Lbr/Insig1/Ttc39b/Dgat2/Sult2a7/Cyp39a1/Ces1c/Serpina12/3110082I17Rik/Hmgcr/Stard4/Pmvk/G6pdx/Pcsk9/Apoc3/Cyp46a1,19
GO:0071466,cellular response to xenobiotic stimulus,21/515,162/13235,0.12962962962962962,3.3313556274721323,6.007365097891051,1.2587873859563345e-6,3.71191938834566e-4,3.4416539258528786e-4,Cyp2c29/Fbp1/Gstm6/Cyp2c67/Umps/Cyp2c70/Gstm7/Wnk4/Sult2a7/Cyp2c40/Pde4b/Cyp2r1/Ugt2b1/Gstp3/Ugt2b38/Gstp1/Cyp2u1/Cyp2j9/Cad/Cyp2c68/Cyp46a1,21
GO:0006631,fatty acid metabolic process,37/515,406/13235,0.09113300492610837,2.342029747955426,5.526299028413058,1.3318009081711748e-6,3.71191938834566e-4,3.4416539258528786e-4,Acly/Fabp5/Aacs/Acacb/Srebf1/Mid1ip1/Pdk1/Cyp2c29/Gpam/Gstm6/Acaca/Cyp2c67/Elovl6/Fasn/Acss2/Insig1/Dgat2/Cyp2c70/Gstm7/Gpat4/Lpin1/Mif/Acsl4/Ces1c/Cyp2c40/Cyp4f14/Acot11/Ces2a/Ppard/Gstp3/Mblac2/Gstp1/Cyp2u1/Cyp2j9/Bdh2/Cyp2c68/Apoc3,37
GO:0006006,glucose metabolic process,24/515,205/13235,0.11707317073170732,3.008666824532323,5.832009912113379,1.4436922385957048e-6,3.7555247433336265e-4,3.482084367756799e-4,Gpi1/Fabp5/Tff3/Acacb/Aldob/Pdk1/Ppp1r3b/Gck/Lepr/Fbp1/Got1/Sds/Dgat2/Foxk2/Pdhb/Slc37a4/Gnmt/Serpina12/Pik3r1/Pgp/Pfkm/G6pdx/Nnmt/Mup3,24
GO:0016125,sterol metabolic process,19/515,139/13235,0.1366906474820144,3.5128169309212827,5.992451676521959,1.801975034068683e-6,4.3127556539935007e-4,3.998743203964408e-4,Cyb5r3/Srebf1/Lepr/Lbr/Insig1/Ttc39b/Dgat2/Sult2a7/Cyp39a1/Ces1c/Serpina12/3110082I17Rik/Hmgcr/Stard4/Pmvk/G6pdx/Pcsk9/Apoc3/Cyp46a1,19
GO:0044282,small molecule catabolic process,32/515,330/13235,0.09696969696969697,2.4920270667843485,5.522812399573905,1.8789555642718994e-6,4.3127556539935007e-4,3.998743203964408e-4,Gpi1/Tkfc/Acacb/Aldob/Uox/Acmsd/Khk/Gls2/Gck/Slc25a44/Got1/Sds/Ppat/Hgd/Qdpr/Foxk2/Pah/Urad/Haao/Lpin1/Sult2a7/Glb1/Cyp39a1/Cbs/Sdsl/Cyp4f14/Pgd/Ppard/Pfkm/Bdh2/Gcat/Cyp46a1,32
GO:0046364,monosaccharide biosynthetic process,16/515,103/13235,0.1553398058252427,3.992082194363276,6.133838244846823,2.1473750426254083e-6,4.6550318979579684e-4,4.316098258189198e-4,Gpi1/Aldob/Gck/Lepr/Fbp1/Got1/Sds/Dgat2/Slc37a4/Gnmt/Serpina12/Pgd/Pgp/G6pdx/Nnmt/Mup3,16
GO:0009410,response to xenobiotic stimulus,34/515,369/13235,0.0921409214092141,2.3679322230115507,5.362429721370866,2.8276942209300755e-6,5.807190973720608e-4,5.384368441737768e-4,Aacs/Casp3/Acacb/Srebf1/Cyp2c29/Ass1/Cps1/Fbp1/Gstm6/Cyp2c67/Atp1a1/Umps/Cyp2c70/Gstm7/Wnk4/Sult2a7/Cpb2/Kdr/Cyp2c40/Srd5a1/Tbxa2r/Pde4b/Cyp2r1/Ugt2b1/Gstp3/Map2k6/Ugt2b38/Gstp1/Cyp2u1/Cyp2j9/Cad/Nnmt/Cyp2c68/Cyp46a1,34
GO:0009117,nucleotide metabolic process,38/515,442/13235,0.08597285067873303,2.209418793656372,5.203640339479006,3.8951049054533275e-6,7.599349670539442e-4,7.04603976844373e-4,Gpi1/Pklr/Acp3/Tkfc/Acacb/Aldob/Me1/Uox/Rpia/Khk/Atp1b1/Gck/Fbp1/Ak4/Ppat/Rrm2/Pde8a/Umps/Foxk2/Urad/Haao/Sult2a7/Gmps/Bend3/Cnp/Fuom/Uck2/Pfkfb3/Hsd11b1/ND4L/Pgd/Slc4a7/Pfkm/Cad/G6pdx/Nme6/Rd3/Ddit4,38
GO:0006066,alcohol metabolic process,30/515,311/13235,0.09646302250803858,2.4790060250366808,5.310767477781317,4.39132795427411e-6,8.159505560751227e-4,7.565410615959959e-4,Acp3/Tkfc/Cyb5r3/Srebf1/Lepr/Got1/Moxd1/Lbr/Rdh11/Insig1/Qdpr/Ttc39b/Dgat2/Sult2a7/Cyp39a1/Ces1c/P2ry1/Serpina12/3110082I17Rik/Ces2a/Cyp2r1/Hmgcr/Lrp2/Pgp/Stard4/Pmvk/G6pdx/Pcsk9/Apoc3/Cyp46a1,30
GO:1901605,alpha-amino acid metabolic process,22/515,191/13235,0.11518324607329843,2.9600975956895237,5.490281451734782,5.165876687435535e-6,9.162386742897026e-4,8.495271853931069e-4,Acmsd/Gls2/Ass1/Cps1/Got1/Pcmt1/Sds/Ppat/Hgd/Dct/Ero1b/Qdpr/Pah/Haao/Gmps/Cbs/Sdsl/Gnmt/Asl/Nox4/Cad/Gcat,22
GO:0170033,L-amino acid metabolic process,20/515,165/13235,0.12121212121212122,3.1150338334804353,5.50081603976943,6.386792921450876e-6,0.0010835333034565791,0.0010046410650355452,Gls2/Ass1/Cps1/Got1/Pcmt1/Sds/Ppat/Hgd/Dct/Ero1b/Qdpr/Pah/Haao/Gmps/Cbs/Sdsl/Gnmt/Asl/Cad/Gcat,20
GO:0051156,glucose 6-phosphate metabolic process,8/515,28/13235,0.2857142857142857,7.34257975034674,6.760027885427603,7.769338019776057e-6,0.0012631648730485907,0.0011711936304372942,Gpi1/Acacb/Aldob/Rpia/Gck/Hsd11b1/Pgd/G6pdx,8
GO:0016051,carbohydrate biosynthetic process,21/515,182/13235,0.11538461538461539,2.965272591486184,5.371665321162026,8.21567027080499e-6,0.001282301815867243,0.001188937209295021,Gpi1/Aldob/Ppp1r3b/Gck/Lepr/Fbp1/Got1/Sds/Dgat2/Mgat2/Slc37a4/Ugp2/Gnmt/P2ry1/Serpina12/Pgd/Pgp/Gys2/G6pdx/Nnmt/Mup3,21
GO:0006694,steroid biosynthetic process,18/515,142/13235,0.1267605633802817,3.257623410365103,5.442290401791531,9.883681528088527e-6,0.0014474875193696655,0.001342095714498244,Cyb5r3/Srebf1/Lbr/Atp1a1/Insig1/Cyp39a1/Inhba/Ces1c/Srd5a1/Hsd11b1/3110082I17Rik/Cyp2r1/Hmgcr/Cyp17a1/Hsd3b2/Stard4/Pmvk/G6pdx,18
GO:0006637,acyl-CoA metabolic process,14/515,91/13235,0.15384615384615385,3.953696788648245,5.688902043731623,1.0386891476768485e-5,0.0014474875193696655,0.001342095714498244,Acly/Acacb/Pdk1/Gpam/Acaca/Elovl6/Fasn/Acss2/Dgat2/Gpat4/Pdhb/Acsl4/Acot11/Pmvk,14
GO:0035383,thioester metabolic process,14/515,91/13235,0.15384615384615385,3.953696788648245,5.688902043731623,1.0386891476768485e-5,0.0014474875193696655,0.001342095714498244,Acly/Acacb/Pdk1/Gpam/Acaca/Elovl6/Fasn/Acss2/Dgat2/Gpat4/Pdhb/Acsl4/Acot11/Pmvk,14
GO:0120254,olefinic compound metabolic process,18/515,143/13235,0.1258741258741259,3.234842827075837,5.40651770752484,1.0907088310134185e-5,0.0014538048904159501,0.0013479531167173706,Cyp2c29/Cyp2c67/Rdh11/Dgat2/Cyp2c70/Gstm7/Inhba/Cyp2c40/Cyp4f14/Srd5a1/Ces2a/Gstp3/Cyp17a1/Gstp1/Cyp2u1/Cyp2j9/Cyp2c68/Cyp46a1,18
GO:1901615,organic hydroxy compound metabolic process,37/515,445/13235,0.08314606741573034,2.1367732082469733,4.908221875813623,1.117738255060956e-5,0.0014538048904159501,0.0013479531167173706,Acp3/Tkfc/Cyb5r3/Srebf1/Chrnb2/Lepr/Got1/Moxd1/Lbr/Atp8b1/Rdh11/Dct/Insig1/Qdpr/Ttc39b/Dgat2/Sult2a7/Cyp39a1/Inhba/Ces1c/Slc37a4/Cyp4f14/P2ry1/Serpina12/3110082I17Rik/Ces2a/Cyp2r1/Hmgcr/Lrp2/Pgp/Sult1d1/Stard4/Pmvk/G6pdx/Pcsk9/Apoc3/Cyp46a1,37
GO:0006094,gluconeogenesis,14/515,92/13235,0.15217391304347827,3.9107218235542427,5.637064262789184,1.182204522116569e-5,0.0014607943108641607,0.0013544336363106963,Gpi1/Aldob/Gck/Lepr/Fbp1/Got1/Sds/Dgat2/Slc37a4/Gnmt/Serpina12/Pgp/Nnmt/Mup3,14
GO:0072524,pyridine-containing compound metabolic process,20/515,172/13235,0.11627906976744186,2.988259200722511,5.28106344368496,1.1979861083458006e-5,0.0014607943108641607,0.0013544336363106963,Gpi1/Pklr/Tkfc/Acacb/Aldob/Me1/Acmsd/Rpia/Khk/Gck/Fbp1/Foxk2/Haao/Pfkfb3/Hsd11b1/Pgd/Pfkm/G6pdx/Nnmt/Ddit4,20
GO:0170039,proteinogenic amino acid metabolic process,18/515,147/13235,0.12244897959183673,3.1468198930057456,5.266514195736405,1.6017955074132905e-5,0.0018940018393717151,0.0017560992532629916,Gls2/Ass1/Cps1/Got1/Sds/Ppat/Hgd/Dct/Qdpr/Pah/Haao/Gmps/Cbs/Sdsl/Gnmt/Asl/Cad/Gcat,18
GO:0033559,unsaturated fatty acid metabolic process,16/515,121/13235,0.1322314049586777,3.398218727433202,5.332360584039938,1.7935392473859395e-5,0.0020098116082085567,0.0018634768937421588,Fabp5/Cyp2c29/Gstm6/Cyp2c67/Elovl6/Cyp2c70/Gstm7/Mif/Cyp2c40/Cyp4f14/Ces2a/Gstp3/Gstp1/Cyp2u1/Cyp2j9/Cyp2c68,16
GO:0062014,negative regulation of small molecule metabolic process,15/515,108/13235,0.1388888888888889,3.569309600862999,5.394500018033791,1.8027525957790743e-5,0.0020098116082085567,0.0018634768937421588,Acacb/Aldob/Acmsd/Gck/Lepr/Fbp1/Insig1/Dgat2/Serpina12/3110082I17Rik/Pgp/Mup3/Rd3/Apoc3/Ddit4,15
GO:0072330,monocarboxylic acid biosynthetic process,21/515,192/13235,0.109375,2.8108313106796117,5.0856385025379724,1.8778288280986036e-5,0.0020353578020113196,0.0018871630649634214,Pklr/Acly/Fabp5/Acacb/Srebf1/Mid1ip1/Gstm6/Acaca/Elovl6/Fasn/Acss2/Sds/Insig1/Gstm7/Cyp39a1/Mif/Ces1c/Gstp3/Gstp1/Stard4/Apoc3,21
GO:0019319,hexose biosynthetic process,14/515,96/13235,0.14583333333333334,3.747775080906149,5.4367738072529885,1.9469880467588394e-5,0.0020532830698521596,0.0019037831910981879,Gpi1/Aldob/Gck/Lepr/Fbp1/Got1/Sds/Dgat2/Slc37a4/Gnmt/Serpina12/Pgp/Nnmt/Mup3,14
GO:0042593,glucose homeostasis,24/515,244/13235,0.09836065573770492,2.527773356676747,4.8466111573496775,2.8918682436530493e-5,0.0029694920754563684,0.002753282867987682,Gpi1/Fabp5/Pygl/Aacs/Gck/Lepr/Ero1b/Foxk2/Slc2a4/Cpb2/Slc37a4/Rps6/Pik3r1/Hmgcr/Ppard/Ncor2/Pfkm/Foxa3/Nox4/Wfs1/Sucnr1/Mup3/Apoc3/Tiam1,24
GO:0033500,carbohydrate homeostasis,24/515,245/13235,0.09795918367346938,2.5174559144045965,4.823920849674372,3.091850560964573e-5,0.0030934361253548114,0.0028682025311836,Gpi1/Fabp5/Pygl/Aacs/Gck/Lepr/Ero1b/Foxk2/Slc2a4/Cpb2/Slc37a4/Rps6/Pik3r1/Hmgcr/Ppard/Ncor2/Pfkm/Foxa3/Nox4/Wfs1/Sucnr1/Mup3/Apoc3/Tiam1,24
GO:0035384,thioester biosynthetic process,8/515,34/13235,0.23529411764705882,6.046830382638492,5.928712298374606,3.693308261624129e-5,0.0035149484967944757,0.003259024517381805,Acly/Acacb/Pdk1/Acaca/Elovl6/Acss2/Pdhb/Acsl4,8
GO:0071616,acyl-CoA biosynthetic process,8/515,34/13235,0.23529411764705882,6.046830382638492,5.928712298374606,3.693308261624129e-5,0.0035149484967944757,0.003259024517381805,Acly/Acacb/Pdk1/Acaca/Elovl6/Acss2/Pdhb/Acsl4,8
GO:0009185,ribonucleoside diphosphate metabolic process,15/515,118/13235,0.1271186440677966,3.2668257363830837,4.976769229262712,5.2104660080623076e-5,0.004840771038918838,0.004488313701681743,Gpi1/Pklr/Tkfc/Aldob/Khk/Gck/Fbp1/Ak4/Rrm2/Umps/Foxk2/Pfkfb3/Pfkm/Cad/Ddit4,15
GO:0019362,pyridine nucleotide metabolic process,18/515,163/13235,0.11042944785276074,2.8379295967597833,4.750696410128268,6.463180547046795e-5,0.005731666021494681,0.005314342473732018,Gpi1/Pklr/Tkfc/Acacb/Aldob/Me1/Rpia/Khk/Gck/Fbp1/Foxk2/Haao/Pfkfb3/Hsd11b1/Pgd/Pfkm/G6pdx/Ddit4,18
GO:0046496,nicotinamide nucleotide metabolic process,18/515,163/13235,0.11042944785276074,2.8379295967597833,4.750696410128268,6.463180547046795e-5,0.005731666021494681,0.005314342473732018,Gpi1/Pklr/Tkfc/Acacb/Aldob/Me1/Rpia/Khk/Gck/Fbp1/Foxk2/Haao/Pfkfb3/Hsd11b1/Pgd/Pfkm/G6pdx/Ddit4,18
GO:0006641,triglyceride metabolic process,14/515,107/13235,0.1308411214953271,3.362489792214862,4.937057320684471,6.68943128228129e-5,0.005800480191880354,0.005378146273029426,Srebf1/Cps1/Gpam/Thrsp/Insig1/Dgat2/Gpat4/Lpin1/Acsl4/Slc37a4/Serpina12/Pcsk9/Pnpla5/Apoc3,14
GO:0001676,long-chain fatty acid metabolic process,14/515,108/13235,0.12962962962962962,3.3313556274721323,4.894893931901905,7.417234490909288e-5,0.006250384269936582,0.005795292761005701,Cyp2c29/Gstm6/Cyp2c67/Elovl6/Cyp2c70/Gstm7/Acsl4/Cyp2c40/Cyp4f14/Gstp3/Gstp1/Cyp2u1/Cyp2j9/Cyp2c68,14
GO:0009063,amino acid catabolic process,13/515,95/13235,0.1368421052631579,3.5167092488502814,4.9533930354912545,7.576316659583037e-5,0.006250384269936582,0.005795292761005701,Acmsd/Gls2/Slc25a44/Got1/Sds/Ppat/Hgd/Qdpr/Pah/Haao/Cbs/Sdsl/Gcat,13
GO:0006090,pyruvate metabolic process,15/515,122/13235,0.12295081967213115,3.1597166958459333,4.822045393442019,7.6888376462572e-5,0.006250384269936582,0.005795292761005701,Gpi1/Pklr/Tkfc/Aldob/Me1/Pdk1/Khk/Gck/Fbp1/Sds/Foxk2/Pdhb/Pfkfb3/Pfkm/Ddit4,15
GO:0006098,pentose-phosphate shunt,6/515,20/13235,0.3,7.709708737864077,6.042138921266077,8.197385841469593e-5,0.0064191095336616375,0.005951733110468329,Acacb/Aldob/Rpia/Hsd11b1/Pgd/G6pdx,6
GO:0170040,proteinogenic amino acid catabolic process,10/515,59/13235,0.1694915254237288,4.355767648510778,5.19794547603457,8.225409448566936e-5,0.0064191095336616375,0.005951733110468329,Gls2/Got1/Sds/Ppat/Hgd/Qdpr/Pah/Cbs/Sdsl/Gcat,10
GO:0009132,nucleoside diphosphate metabolic process,15/515,123/13235,0.12195121951219512,3.1340279422211696,4.784359562757994,8.449948538380865e-5,0.006465039058188654,0.005994318498744072,Gpi1/Pklr/Tkfc/Aldob/Khk/Gck/Fbp1/Ak4/Rrm2/Umps/Foxk2/Pfkfb3/Pfkm/Cad/Ddit4,15
GO:0006633,fatty acid biosynthetic process,16/515,138/13235,0.11594202898550725,2.9795975798508514,4.703662664918209,9.134321099822126e-5,0.006854254025289603,0.006355194659936974,Acly/Fabp5/Acacb/Srebf1/Mid1ip1/Gstm6/Acaca/Elovl6/Fasn/Acss2/Insig1/Gstm7/Mif/Gstp3/Gstp1/Apoc3,16
GO:0010906,regulation of glucose metabolic process,14/515,111/13235,0.12612612612612611,3.241318988891804,4.7713104263931845,1.0030105593643772e-4,0.007384428684226037,0.0068467672145687474,Tff3/Acacb/Pdk1/Ppp1r3b/Gck/Lepr/Fbp1/Dgat2/Foxk2/Gnmt/Serpina12/Pgp/Nnmt/Mup3,14
GO:1901606,alpha-amino acid catabolic process,12/515,85/13235,0.1411764705882353,3.6280982295830952,4.890956543928903,1.0476546427728475e-4,0.007547881792406346,0.006998319275000839,Acmsd/Gls2/Got1/Sds/Ppat/Hgd/Qdpr/Pah/Haao/Cbs/Sdsl/Gcat,12
GO:0097305,response to alcohol,22/515,232/13235,0.09482758620689655,2.4369768998995647,4.443013387959893,1.0638992787861327e-4,0.007547881792406346,0.006998319275000839,Aacs/Srebf1/Chrnb2/Fbp1/Acaca/Itpr2/Slc2a4/F7/Glb1/Inhba/Ces1c/Gpr155/Tbxa2r/Serpina1c/Rps6/Serpina1d/Klf2/Klf4/Gstp1/Pmvk/Cad/G6pdx,22
GO:0006109,regulation of carbohydrate metabolic process,19/515,185/13235,0.10270270270270271,2.6393597480976125,4.518148488310258,1.0936817922490753e-4,0.007620618488135521,0.007065759999924947,Tff3/Acacb/Aldob/Pdk1/Ppp1r3b/Khk/Gck/Lepr/Fbp1/Dgat2/Foxk2/Gnmt/P2ry1/Hsd11b1/Serpina12/Pgp/Nnmt/Mup3/Ddit4,19
GO:0006163,purine nucleotide metabolic process,31/515,388/13235,0.07989690721649484,2.0532729456510856,4.237030144376859,1.2079662624186013e-4,0.008202245490960366,0.007605038644805842,Gpi1/Pklr/Tkfc/Acacb/Aldob/Me1/Uox/Rpia/Khk/Atp1b1/Gck/Fbp1/Ak4/Ppat/Pde8a/Foxk2/Urad/Haao/Sult2a7/Gmps/Bend3/Pfkfb3/Hsd11b1/ND4L/Pgd/Slc4a7/Pfkm/G6pdx/Nme6/Rd3/Ddit4,31
GO:0046165,alcohol biosynthetic process,15/515,127/13235,0.11811023622047244,3.035318400733889,4.637368707230522,1.2191958956322429e-4,0.008202245490960366,0.007605038644805842,Cyb5r3/Srebf1/Got1/Moxd1/Lbr/Insig1/Qdpr/Ces1c/P2ry1/3110082I17Rik/Cyp2r1/Hmgcr/Pgp/Pmvk/G6pdx,15
GO:0006084,acetyl-CoA metabolic process,8/515,40/13235,0.2,5.139805825242719,5.2760741891327845,1.273767731747816e-4,0.008424138456406743,0.007810775546863951,Acly/Acacb/Pdk1/Acaca/Fasn/Acss2/Pdhb/Pmvk,8
GO:0043434,response to peptide hormone,32/515,411/13235,0.07785888077858881,2.0008976448633455,4.147672408575872,1.5192542667252996e-4,0.009782877021156901,0.009070584132756824,Pklr/Aldob/Srebf1/Khk/Gck/Ass1/Cps1/Gpam/Fbp1/Got1/Insig1/Slc30a10/Slc2a4/Lpin1/F7/Inhba/Serpina3c/Esrra/Serpina1c/Serpina12/Rps6/Ahsg/Pik3r1/Serpina1d/Gstp1/Cela2a/Glp2r/Cad/Pcsk9/Eef2k/Mup3/Apoc3,32
GO:0019320,hexose catabolic process,8/515,41/13235,0.1951219512195122,5.014444707553872,5.180060035119134,1.529358017146517e-4,0.009782877021156901,0.009070584132756824,Gpi1/Tkfc/Aldob/Khk/Gck/Foxk2/Glb1/Pfkm,8
GO:1901617,organic hydroxy compound biosynthetic process,19/515,190/13235,0.1,2.5699029126213593,4.385642006586145,1.556642549000341e-4,0.009796805203547308,0.009083498201891634,Cyb5r3/Srebf1/Got1/Moxd1/Lbr/Dct/Insig1/Qdpr/Cyp39a1/Inhba/Ces1c/P2ry1/3110082I17Rik/Cyp2r1/Hmgcr/Pgp/Stard4/Pmvk/G6pdx,19
GO:0006639,acylglycerol metabolic process,15/515,130/13235,0.11538461538461539,2.965272591486184,4.530869825956829,1.5875154552505354e-4,0.00983251635934538,0.009116609222549858,Srebf1/Cps1/Gpam/Thrsp/Insig1/Dgat2/Gpat4/Lpin1/Acsl4/Slc37a4/Serpina12/Pcsk9/Pnpla5/Ang/Apoc3,15
GO:0006690,icosanoid metabolic process,14/515,116/13235,0.1206896551724138,3.101606963508537,4.5744169935305115,1.6171541173764554e-4,0.009859586509379577,0.009141708390498155,Fabp5/Cyp2c29/Gstm6/Cyp2c67/Cyp2c70/Mif/Cyp2c40/Cyp4f14/Ces2a/Gstp3/Gstp1/Cyp2u1/Cyp2j9/Cyp2c68,14
GO:0016052,carbohydrate catabolic process,17/515,160/13235,0.10625,2.730521844660194,4.431205104394602,1.648945192282561e-4,0.009898744831210083,0.009178015588461801,Gpi1/Pklr/Gm2a/Tkfc/Pygl/Aldob/Ppp1r3b/Khk/Gck/Fbp1/Foxk2/Glb1/Pfkfb3/Hsd11b1/Pgd/Pfkm/Ddit4,17
GO:0006638,neutral lipid metabolic process,15/515,131/13235,0.11450381679389313,2.9426369228488847,4.496048304663826,1.7300716606827437e-4,0.010228393363612222,0.009483662356884515,Srebf1/Cps1/Gpam/Thrsp/Insig1/Dgat2/Gpat4/Lpin1/Acsl4/Slc37a4/Serpina12/Pcsk9/Pnpla5/Ang/Apoc3,15
GO:0010043,response to zinc ion,7/515,32/13235,0.21875,5.621662621359223,5.266748019249288,1.8698002691992473e-4,0.01088949350808278,0.01009662769086852,Aldob/Slc30a1/Khk/Ass1/Cps1/Slc30a10/Haao,7
GO:0170035,L-amino acid catabolic process,10/515,65/13235,0.15384615384615385,3.953696788648245,4.803251484833115,1.9017495832150346e-4,0.010912686578978037,0.010118132070449032,Gls2/Got1/Sds/Ppat/Hgd/Qdpr/Pah/Cbs/Sdsl/Gcat,10
GO:0006740,NADPH regeneration,6/515,23/13235,0.2608695652173913,6.704094554664415,5.508989892474925,1.9326104644267768e-4,0.010929052220569975,0.010133306126979151,Acacb/Aldob/Rpia/Hsd11b1/Pgd/G6pdx,6
GO:0006520,amino acid metabolic process,23/515,259/13235,0.0888030888030888,2.282153165648311,4.19300129564153,1.9977969304552242e-4,0.011136290889480406,0.010325455714247526,Acmsd/Gls2/Ass1/Cps1/Slc25a44/Got1/Pcmt1/Sds/Ppat/Hgd/Dct/Ero1b/Qdpr/Pah/Haao/Gmps/Cbs/Sdsl/Gnmt/Asl/Nox4/Cad/Gcat,23
GO:0046460,neutral lipid biosynthetic process,9/515,54/13235,0.16666666666666666,4.283171521035598,4.864317295396632,2.1248125251364396e-4,0.011515303434836649,0.010676872293704598,Srebf1/Gpam/Thrsp/Dgat2/Gpat4/Lpin1/Acsl4/Ang/Apoc3,9
GO:0046463,acylglycerol biosynthetic process,9/515,54/13235,0.16666666666666666,4.283171521035598,4.864317295396632,2.1248125251364396e-4,0.011515303434836649,0.010676872293704598,Srebf1/Gpam/Thrsp/Dgat2/Gpat4/Lpin1/Acsl4/Ang/Apoc3,9
GO:0006112,energy reserve metabolic process,12/515,92/13235,0.13043478260869565,3.3520472773322076,4.555104353891862,2.2579632600719642e-4,0.01206927759013809,0.01119051149944822,Adgrf1/Pygl/Ppp1r3b/Khk/Gck/Lepr/Slc37a4/Ugp2/Gnmt/Pfkm/Gys2/Mup3,12
GO:0031100,animal organ regeneration,10/515,67/13235,0.14925373134328357,3.835675988987103,4.682089619875377,2.4575667876082215e-4,0.012798659740431956,0.01186678721515677,Ihh/Cpb2/F7/Lifr/Ptpn3/Itpr1/Gstp1/Cad/Vtn/Nnmt,10
GO:0019693,ribose phosphate metabolic process,27/515,332/13235,0.08132530120481928,2.089981284360744,4.047141213592083,2.469274399789408e-4,0.012798659740431956,0.01186678721515677,Gpi1/Pklr/Tkfc/Pygl/Aldob/Uox/Khk/Atp1b1/Gck/Fbp1/Ak4/Ppat/Pde8a/Umps/Foxk2/Urad/Sult2a7/Gmps/Bend3/Uck2/Pfkfb3/ND4L/Pfkm/Cad/G6pdx/Nme6/Ddit4,27
GO:0006541,glutamine metabolic process,6/515,24/13235,0.25,6.424757281553398,5.352093723855553,2.4928194266346195e-4,0.012798659740431956,0.01186678721515677,Gls2/Cps1/Ppat/Gmps/Asl/Cad,6
GO:0046365,monosaccharide catabolic process,8/515,44/13235,0.18181818181818182,4.672550750220654,4.90976728798302,2.560472590450035e-4,0.012975277984332515,0.012030545855607342,Gpi1/Tkfc/Aldob/Khk/Gck/Foxk2/Glb1/Pfkm,8
GO:1901293,nucleoside phosphate biosynthetic process,24/515,281/13235,0.08540925266903915,2.194934871989773,4.073812843243676,2.6305668507982686e-4,0.013159579297198519,0.0122014281595056,Gpi1/Acly/Acacb/Pdk1/Ak4/Acaca/Elovl6/Acss2/Ppat/Rrm2/Umps/Haao/Pdhb/Gmps/Acsl4/Ugp2/Fuom/Uck2/ND4L/Slc4a7/Cad/G6pdx/Nme6/Rd3,24
GO:0044272,sulfur compound biosynthetic process,15/515,137/13235,0.10948905109489052,2.8137623130890796,4.293819542769922,2.8411898346862656e-4,0.014033319917652921,0.013011551581368014,Acly/Acacb/Pdk1/Gstm6/Acaca/Elovl6/Acss2/Hs6st1/Ggt6/Pdhb/Cbs/Acsl4/Chsy3/Gstp3/Gstp1,15
GO:0003013,circulatory system process,30/515,390/13235,0.07692307692307693,1.9768483943241224,3.9400164967231155,2.988927910914396e-4,0.014498096892858305,0.013442488068400548,Enpep/Fabp5/Ctnnbip1/Srebf1/Atp1b1/Klk1b4/Cps1/Vegfb/Tnnc1/Atp1a1/Kng1/Wnk4/Cbs/Kdr/Fgb/Tbxa2r/P2ry1/Pik3r1/Hmgcr/Ppard/Klf2/Map2k6/Slc2a5/Slc5a1/Dsg2/Hopx/Nox4/Arhgap35/G6pdx/Sucnr1,30
GO:0019432,triglyceride biosynthetic process,8/515,45/13235,0.17777777777777778,4.568716289104639,4.825046535668428,3.009599816303236e-4,0.014498096892858305,0.013442488068400548,Srebf1/Gpam/Thrsp/Dgat2/Gpat4/Lpin1/Acsl4/Apoc3,8
GO:0006695,cholesterol biosynthetic process,9/515,57/13235,0.15789473684210525,4.057741440981093,4.654993291593155,3.241364970071039e-4,0.015238320618333969,0.014128815982414918,Cyb5r3/Srebf1/Lbr/Insig1/Ces1c/3110082I17Rik/Hmgcr/Pmvk/G6pdx,9
GO:1902653,secondary alcohol biosynthetic process,9/515,57/13235,0.15789473684210525,4.057741440981093,4.654993291593155,3.241364970071039e-4,0.015238320618333969,0.014128815982414918,Cyb5r3/Srebf1/Lbr/Insig1/Ces1c/3110082I17Rik/Hmgcr/Pmvk/G6pdx,9
GO:0009154,purine ribonucleotide catabolic process,14/515,125/13235,0.112,2.8782912621359222,4.245435262585986,3.5560990375029856e-4,0.016518926719448393,0.015316180942227772,Gpi1/Pklr/Tkfc/Aldob/Uox/Khk/Gck/Fbp1/Pde8a/Foxk2/Urad/Pfkfb3/Pfkm/Ddit4,14
GO:0006111,regulation of gluconeogenesis,9/515,58/13235,0.15517241379310345,3.9877803816538333,4.5883867725789695,3.7067940823450003e-4,0.01668928840283756,0.015474138563369043,Gck/Lepr/Fbp1/Dgat2/Gnmt/Serpina12/Pgp/Nnmt/Mup3,9
GO:1901607,alpha-amino acid biosynthetic process,9/515,58/13235,0.15517241379310345,3.9877803816538333,4.5883867725789695,3.7067940823450003e-4,0.01668928840283756,0.015474138563369043,Gls2/Ass1/Got1/Sds/Pah/Cbs/Sdsl/Asl/Cad,9
GO:0035725,sodium ion transmembrane transport,12/515,97/13235,0.12371134020618557,3.1792613352016814,4.334471742138749,3.721086855578851e-4,0.01668928840283756,0.015474138563369043,Slc13a2/Prss8/Atp1b1/Atp1a1/Wnk4/Slc6a6/Ptpn3/Slc38a2/Slc4a7/Slc8a3/Slc5a1/Pcsk9,12
GO:0051121,hepoxilin metabolic process,4/515,10/13235,0.4,10.279611650485437,5.906600327554022,3.9460525925007537e-4,0.017300558669593194,0.016040902141247888,Gstm6/Gstm7/Gstp3/Gstp1,4
GO:0051122,hepoxilin biosynthetic process,4/515,10/13235,0.4,10.279611650485437,5.906600327554022,3.9460525925007537e-4,0.017300558669593194,0.016040902141247888,Gstm6/Gstm7/Gstp3/Gstp1,4
GO:0016126,sterol biosynthetic process,9/515,60/13235,0.15,3.8548543689320387,4.459538281088859,4.803497884494217e-4,0.02072314073099558,0.019214285438623063,Cyb5r3/Srebf1/Lbr/Insig1/Ces1c/3110082I17Rik/Hmgcr/Pmvk/G6pdx,9
GO:0009112,nucleobase metabolic process,7/515,37/13235,0.1891891891891892,4.861978483337707,4.733280846613162,4.832921082830851e-4,0.02072314073099558,0.019214285438623063,Acp3/Uox/Cps1/Ppat/Umps/Urad/Cad,7
GO:0010817,regulation of hormone levels,32/515,441/13235,0.07256235827664399,1.8647821588182198,3.71645147554584,5.30714586858933e-4,0.02250922084699518,0.020870320766981157,Aacs/Srebf1/Orai1/Gck/Lepr/Rdh11/Atp1a1/Ero1b/Dgat2/Wnk4/Sult2a7/Inhba/Acsl4/Fgb/Kalrn/Srd5a1/P2ry1/Hsd11b1/Ces2a/Hmgcr/Ppard/Itpr1/Ugt2b1/Ugt2b38/Cyp17a1/Pfkm/Hsd3b2/Cela2a/Mup3/Pclo/Cyp46a1/Tiam1,32
GO:0046031,ADP metabolic process,12/515,101/13235,0.1188118811881188,3.053349995193694,4.168029522680835,5.406996193382815e-4,0.022686128114601873,0.021034347387274176,Gpi1/Pklr/Tkfc/Aldob/Khk/Gck/Fbp1/Ak4/Foxk2/Pfkfb3/Pfkm/Ddit4,12
GO:0006739,NADP metabolic process,8/515,49/13235,0.16326530612244897,4.195759857340994,4.5094260102768535,5.494078220714577e-4,0.022806269380030084,0.021145741147363943,Acacb/Aldob/Me1/Rpia/Gck/Hsd11b1/Pgd/G6pdx,8
GO:0051591,response to cAMP,10/515,75/13235,0.13333333333333333,3.426537216828479,4.2402871495593555,6.222703730437581e-4,0.025558936795965725,0.023697986395029326,Pklr/Srebf1/Ass1/Cps1/Fbp1/Itpr2/Pik3r1/Itpr1/Slc8a3/Eef2k,10
GO:0042759,long-chain fatty acid biosynthetic process,5/515,19/13235,0.2631578947368421,6.762902401635155,5.057940010437035,6.463423439062479e-4,0.02627112318668937,0.024358318377256296,Gstm6/Elovl6/Gstm7/Gstp3/Gstp1,5
GO:0016054,organic acid catabolic process,20/515,230/13235,0.08695652173913043,2.2346981848881384,3.800801365656695,6.681512382593732e-4,0.026603327874368105,0.02466633518686859,Acacb/Acmsd/Gls2/Slc25a44/Got1/Sds/Ppat/Hgd/Qdpr/Pah/Haao/Lpin1/Cyp39a1/Cbs/Sdsl/Cyp4f14/Pgd/Ppard/Bdh2/Gcat,20
GO:0046395,carboxylic acid catabolic process,20/515,230/13235,0.08695652173913043,2.2346981848881384,3.800801365656695,6.681512382593732e-4,0.026603327874368105,0.02466633518686859,Acacb/Acmsd/Gls2/Slc25a44/Got1/Sds/Ppat/Hgd/Qdpr/Pah/Haao/Lpin1/Cyp39a1/Cbs/Sdsl/Cyp4f14/Pgd/Ppard/Bdh2/Gcat,20
GO:0055088,lipid homeostasis,16/515,165/13235,0.09696969696969697,2.4920270667843485,3.8804894232976337,7.08626605877507e-4,0.0278691258790009,0.02583997023014543,Tm6sf2/Gck/Gpam/Got1/Acaca/Insig1/Ttc39b/Dgat2/Tlcd1/Cyp39a1/Ces1c/Slc37a4/Angptl8/Pcsk9/Pnpla5/Apoc3,16
GO:0006195,purine nucleotide catabolic process,14/515,134/13235,0.1044776119402985,2.6849731922909723,3.944562081296012,7.213689681648106e-4,0.0278691258790009,0.02583997023014543,Gpi1/Pklr/Tkfc/Aldob/Uox/Khk/Gck/Fbp1/Pde8a/Foxk2/Urad/Pfkfb3/Pfkm/Ddit4,14
GO:0009261,ribonucleotide catabolic process,14/515,134/13235,0.1044776119402985,2.6849731922909723,3.944562081296012,7.213689681648106e-4,0.0278691258790009,0.02583997023014543,Gpi1/Pklr/Tkfc/Aldob/Uox/Khk/Gck/Fbp1/Pde8a/Foxk2/Urad/Pfkfb3/Pfkm/Ddit4,14
GO:0140115,export across plasma membrane,8/515,52/13235,0.15384615384615385,3.953696788648245,4.294039950001121,8.278196054678402e-4,0.031612457307943605,0.029310749080741907,Slc30a1/Atp1b1/Atp1a1/Slc30a10/Wnk4/Hamp2/Slc8a3/Slc35g1,8
GO:0009074,aromatic amino acid family catabolic process,5/515,20/13235,0.25,6.424757281553398,4.885031286727566,8.34465172403432e-4,0.031612457307943605,0.029310749080741907,Acmsd/Hgd/Qdpr/Pah/Haao,5
GO:0009166,nucleotide catabolic process,15/515,152/13235,0.09868421052631579,2.536088400613184,3.832568775314871,8.593288029792188e-4,0.03173261904638232,0.029422161823198907,Gpi1/Pklr/Tkfc/Aldob/Uox/Khk/Gck/Fbp1/Pde8a/Foxk2/Urad/Cnp/Pfkfb3/Pfkm/Ddit4,15
GO:0006096,glycolytic process,11/515,92/13235,0.11956521739130435,3.0727100042211903,4.0141243994432,8.644285224736603e-4,0.03173261904638232,0.029422161823198907,Gpi1/Pklr/Tkfc/Aldob/Khk/Gck/Fbp1/Foxk2/Pfkfb3/Pfkm/Ddit4,11
GO:0043650,dicarboxylic acid biosynthetic process,4/515,12/13235,0.3333333333333333,8.566343042071196,5.276151719183533,8.740194145802477e-4,0.03173261904638232,0.029422161823198907,Acmsd/Gls2/Got1/Haao,4
GO:0008652,amino acid biosynthetic process,9/515,65/13235,0.13846153846153847,3.558327109783421,4.160308037027641,8.746641449761054e-4,0.03173261904638232,0.029422161823198907,Gls2/Ass1/Got1/Sds/Pah/Cbs/Sdsl/Asl/Cad,9
GO:0009743,response to carbohydrate,19/515,218/13235,0.0871559633027523,2.2398236394406346,3.713969484586211,8.782990407507151e-4,0.03173261904638232,0.029422161823198907,Aacs/Casp3/Srebf1/Khk/Gck/Lepr/Gpam/Fbp1/Cpb2/Hmgcr/Ppard/Map2k6/Slc2a5/Gstp1/Gys2/Nox4/Mup3/Apoc3/Tiam1,19
GO:0019373,epoxygenase P450 pathway,6/515,30/13235,0.2,5.139805825242719,4.5674838447274,9.018958502176411e-4,0.0320244195819893,0.029692716313711523,Cyp2c29/Cyp2c67/Cyp2c70/Cyp2c40/Cyp2j9/Cyp2c68,6
GO:0009135,purine nucleoside diphosphate metabolic process,12/515,107/13235,0.11214953271028037,2.8821341076127394,3.933225026038253,9.109970716557695e-4,0.0320244195819893,0.029692716313711523,Gpi1/Pklr/Tkfc/Aldob/Khk/Gck/Fbp1/Ak4/Foxk2/Pfkfb3/Pfkm/Ddit4,12
GO:0009179,purine ribonucleoside diphosphate metabolic process,12/515,107/13235,0.11214953271028037,2.8821341076127394,3.933225026038253,9.109970716557695e-4,0.0320244195819893,0.029692716313711523,Gpi1/Pklr/Tkfc/Aldob/Khk/Gck/Fbp1/Ak4/Foxk2/Pfkfb3/Pfkm/Ddit4,12
GO:0009259,ribonucleotide metabolic process,25/515,325/13235,0.07692307692307693,1.9768483943241224,3.5876605932087022,9.340871847629699e-4,0.0325429303120099,0.03017347419201436,Gpi1/Pklr/Tkfc/Aldob/Uox/Khk/Atp1b1/Gck/Fbp1/Ak4/Ppat/Pde8a/Umps/Foxk2/Urad/Sult2a7/Gmps/Bend3/Uck2/Pfkfb3/ND4L/Pfkm/Cad/Nme6/Ddit4,25
GO:0008015,blood circulation,27/515,362/13235,0.07458563535911603,1.916778415491069,3.558642854883372,9.446010469814797e-4,0.03261799367541357,0.030243072179556085,Enpep/Ctnnbip1/Srebf1/Atp1b1/Klk1b4/Cps1/Vegfb/Tnnc1/Atp1a1/Kng1/Wnk4/Cbs/Kdr/Fgb/Tbxa2r/P2ry1/Pik3r1/Hmgcr/Ppard/Klf2/Map2k6/Slc2a5/Dsg2/Hopx/Arhgap35/G6pdx/Sucnr1,27
GO:0009161,ribonucleoside monophosphate metabolic process,8/515,54/13235,0.14814814814814814,3.807263574253865,4.159216376448333,0.0010693466753051405,0.036300442086291004,0.03365740091466783,Uox/Ak4/Ppat/Umps/Urad/Gmps/Uck2/Cad,8
GO:0014074,response to purine-containing compound,13/515,124/13235,0.10483870967741936,2.6942530535546507,3.813966156173066,0.001069849010744097,0.036300442086291004,0.03365740091466783,Pklr/Srebf1/Ass1/Cps1/Fbp1/Itpr2/Gstm7/P2ry1/Pik3r1/Itpr1/Slc8a3/Cad/Eef2k,13
GO:0005977,glycogen metabolic process,10/515,81/13235,0.12345679012345678,3.1727196452115547,3.9465981308277,0.001145584558812612,0.038535094383507,0.03572934780979081,Pygl/Ppp1r3b/Khk/Gck/Lepr/Slc37a4/Ugp2/Gnmt/Pfkm/Gys2,10
GO:0009068,aspartate family amino acid catabolic process,4/515,13/13235,0.3076923076923077,7.90739357729649,5.01352201350494,0.0012238710911240652,0.04079855066384716,0.037828001465278996,Got1/Sds/Sdsl/Gcat,4
GO:0046032,ADP catabolic process,11/515,96/13235,0.11458333333333333,2.9446804207119737,3.847763104146769,0.0012337849765079356,0.04079855066384716,0.037828001465278996,Gpi1/Pklr/Tkfc/Aldob/Khk/Gck/Fbp1/Foxk2/Pfkfb3/Pfkm/Ddit4,11
GO:0045721,negative regulation of gluconeogenesis,5/515,22/13235,0.22727272727272727,5.840688437775817,4.572180613723409,0.0013290381526355295,0.043579049341040635,0.04040605157548267,Gck/Lepr/Serpina12/Pgp/Mup3,5
GO:0019364,pyridine nucleotide catabolic process,11/515,97/13235,0.1134020618556701,2.9143228906015413,3.8075187865772153,0.0013439993858155022,0.04370238002876741,0.040520402535507725,Gpi1/Pklr/Tkfc/Aldob/Khk/Gck/Fbp1/Foxk2/Pfkfb3/Pfkm/Ddit4,11
GO:0044042,glucan metabolic process,10/515,83/13235,0.12048192771084337,3.0962685694233243,3.8547453468144415,0.0013843190225149998,0.04464142831283909,0.04139107855923493,Pygl/Ppp1r3b/Khk/Gck/Lepr/Slc37a4/Ugp2/Gnmt/Pfkm/Gys2,10
GO:0071320,cellular response to cAMP,7/515,44/13235,0.1590909090909091,4.0884819064430715,4.128936116912902,0.0014222750614524046,0.04548948598186297,0.04217738900959374,Ass1/Cps1/Fbp1/Itpr2/Itpr1/Slc8a3/Eef2k,7
GO:0070372,regulation of ERK1 and ERK2 cascade,20/515,245/13235,0.08163265306122448,2.097879928670497,3.490108561361828,0.0014560214070606986,0.046190207563828016,0.042827090937677545,Vegfb/C1ql4/Mfhas1/Pde8a/Slc30a10/Nelfe/Inhba/Mif/Kdr/Fgb/P2ry1/Hmgcr/Gstp3/Klf4/Gcnt2/Gstp1/Nox4/Tff2/Tiam1/Fn1,20
GO:0009072,aromatic amino acid metabolic process,6/515,33/13235,0.18181818181818182,4.672550750220654,4.25021143765214,0.0015240306259880997,0.04757414002084452,0.04411025904438819,Acmsd/Hgd/Dct/Qdpr/Pah/Haao,6
GO:0036314,response to sterol,6/515,33/13235,0.18181818181818182,4.672550750220654,4.25021143765214,0.0015240306259880997,0.04757414002084452,0.04411025904438819,Insig1/F7/Inhba/Ces1c/Gpr155/Pmvk,6
GO:0009137,purine nucleoside diphosphate catabolic process,11/515,99/13235,0.1111111111111111,2.855447680690399,3.7285533724871733,0.001588716349001338,0.04881237160474977,0.04525833478257438,Gpi1/Pklr/Tkfc/Aldob/Khk/Gck/Fbp1/Foxk2/Pfkfb3/Pfkm/Ddit4,11
GO:0009181,purine ribonucleoside diphosphate catabolic process,11/515,99/13235,0.1111111111111111,2.855447680690399,3.7285533724871733,0.001588716349001338,0.04881237160474977,0.04525833478257438,Gpi1/Pklr/Tkfc/Aldob/Khk/Gck/Fbp1/Foxk2/Pfkfb3/Pfkm/Ddit4,11
GO:0032868,response to insulin,21/515,265/13235,0.07924528301886792,2.0365268364169262,3.4295656738097833,0.0016211418010357466,0.0491031527429704,0.045527944098192365,Pklr/Srebf1/Khk/Gck/Gpam/Fbp1/Got1/Insig1/Slc2a4/Lpin1/Esrra/Serpina12/Rps6/Ahsg/Pik3r1/Gstp1/Cela2a/Cad/Pcsk9/Eef2k/Mup3,21
GO:0090181,regulation of cholesterol metabolic process,7/515,45/13235,0.15555555555555556,3.997626752966559,4.05291074098163,0.0016288331024722654,0.0491031527429704,0.045527944098192365,Srebf1/Ttc39b/Dgat2/Ces1c/Serpina12/3110082I17Rik/Stard4,7
GO:1902221,erythrose 4-phosphate/phosphoenolpyruvate family amino acid metabolic process,5/515,23/13235,0.21739130434782608,5.586745462220346,4.429858963341415,0.0016445317932446525,0.0491031527429704,0.045527944098192365,Hgd/Dct/Qdpr/Pah/Haao,5
GO:0170041,non-proteinogenic amino acid metabolic process,9/515,71/13235,0.1267605633802817,3.257623410365103,3.837888571879606,0.0016587706696303954,0.0491031527429704,0.045527944098192365,Ass1/Cps1/Pcmt1/Ero1b/Cbs/Gnmt/Asl/Nox4/Cad,9
GO:0007271,"synaptic transmission, cholinergic",4/515,14/13235,0.2857142857142857,7.34257975034674,4.777530033677165,0.0016611010153952056,0.0491031527429704,0.045527944098192365,Chrna4/Chrnb2/Camk2b/Ric3,4
GO:0070371,ERK1 and ERK2 cascade,21/515,266/13235,0.07894736842105263,2.0288707204905463,3.4107823385940743,0.0016980433255991433,0.04981778237960795,0.04619054143319554,Vegfb/C1ql4/Mfhas1/Pde8a/Slc30a10/Nelfe/Wnk4/Inhba/Mif/Kdr/Fgb/P2ry1/Hmgcr/Gstp3/Klf4/Gcnt2/Gstp1/Nox4/Tff2/Tiam1/Fn1,21
